author;author_type;url;location;deal_type;accommodation_type;floor;floors_count;rooms_count;total_meters;price;district;street;house_number;underground;residential_complex
;;https://dolgoprudny.cian.ru/sale/flat/282489923/;Долгопрудный;sale;flat;18;18;2;63.7;13766697;;;к2;Водники;Бригантина ЖК
Этажи Москва;real_estate_agent;https://dolgoprudny.cian.ru/sale/flat/308561269/;Долгопрудный;sale;flat;10;23;2;52.1;15190000;;Парковая ;54;Долгопрудная;
Альфалот;real_estate_agent;https://dolgoprudny.cian.ru/sale/flat/308775890/;Долгопрудный;sale;flat;13;17;2;39.5;1935000;;Корабельная ;1;Водники;
;;https://dolgoprudny.cian.ru/sale/flat/299772854/;Долгопрудный;sale;flat;8;18;3;94.8;20175954;;;к2;Водники;Бригантина ЖК
Этажи Москва;real_estate_agent;https://dolgoprudny.cian.ru/sale/flat/308568163/;Долгопрудный;sale;flat;9;18;1;44.0;10550000;;Московская ;56к3;Водники;Московские водники
Святослав Голованов;realtor;https://dolgoprudny.cian.ru/sale/flat/307711060/;Долгопрудный;sale;flat;1;2;1;33.0;4700000;;Северная ;2;Долгопрудная;
;;https://dolgoprudny.cian.ru/sale/flat/285618301/;Долгопрудный;sale;flat;13;18;3;83.1;17594772;;;к2;Водники;Бригантина ЖК
Этажи Москва;real_estate_agent;https://dolgoprudny.cian.ru/sale/flat/308192211/;Долгопрудный;sale;flat;5;23;1;36.8;6800000;;Парковая ;46к1;Водники;Бригантина
ID 31556;realtor;https://dolgoprudny.cian.ru/sale/flat/308781051/;Долгопрудный;sale;flat;3;16;1;35.0;7300000;;проспект Пацаева;17;Водники;
;;https://dolgoprudny.cian.ru/sale/flat/294460546/;Долгопрудный;sale;flat;23;23;3;68.8;14491552;;;;Хлебниково;Бригантина ЖК
ID 119235442;homeowner;https://dolgoprudny.cian.ru/sale/flat/304961831/;Долгопрудный;sale;flat;24;26;1;49.0;11800000;;Лихачевский проспект;80к1;Долгопрудная;
Лариса Калина;realtor;https://dolgoprudny.cian.ru/sale/flat/308736324/;Долгопрудный;sale;flat;19;21;2;66.1;11990000;;проспект Ракетостроителей;7к1;Долгопрудная;
;;https://dolgoprudny.cian.ru/sale/flat/306627890/;Долгопрудный;sale;flat;9;23;2;49.2;11550530;;;;Хлебниково;Бригантина ЖК
Этажи Москва;real_estate_agent;https://dolgoprudny.cian.ru/sale/flat/301129872/;Долгопрудный;sale;flat;2;17;3;71.18;17000000;;Набережная ;29;Водники;Московские водники
Татьяна Карпова;realtor;https://dolgoprudny.cian.ru/sale/flat/308824074/;Долгопрудный;sale;flat;2;5;2;41.6;6900000;; Циолковского;13;Долгопрудная;
;;https://dolgoprudny.cian.ru/sale/flat/293100101/;Долгопрудный;sale;flat;15;23;2;44.2;9019051;;;;Водники;Бригантина ЖК
Место;real_estate_agent;https://dolgoprudny.cian.ru/sale/flat/308096342/;Долгопрудный;sale;flat;3;18;3;84.4;18100000;;Московская ;58к3;Водники;Московские водники
Виктор Клевицкий;realtor;https://dolgoprudny.cian.ru/sale/flat/301375247/;Долгопрудный;sale;flat;2;3;2;49.4;10350000;;Первомайская ;29;Долгопрудная;
;;https://dolgoprudny.cian.ru/sale/flat/286645004/;Долгопрудный;sale;flat;7;23;3;64.5;13798140;;;;Водники;Бригантина ЖК
На Петровке;real_estate_agent;https://dolgoprudny.cian.ru/sale/flat/306677728/;Долгопрудный;sale;flat;3;18;3;84.4;18700000;;Московская ;58к3;Водники;Московские водники
АЛЬЯНС;real_estate_agent;https://dolgoprudny.cian.ru/sale/flat/308524393/;Долгопрудный;sale;flat;13;24;2;52.0;10600000;;Парковая ;46к1;Водники;Бригантина
;;https://dolgoprudny.cian.ru/sale/flat/297092716/;Долгопрудный;sale;flat;15;23;2;41.1;9062798;;;;Хлебниково;Бригантина ЖК
ГОРОДА;real_estate_agent;https://dolgoprudny.cian.ru/sale/flat/305463933/;Долгопрудный;sale;flat;10;17;2;70.6;13700000;;Новый бульвар;15;Долгопрудная;
ИНКОМ-Недвижимость;real_estate_agent;https://dolgoprudny.cian.ru/sale/flat/308635343/;Долгопрудный;sale;flat;11;17;3;79.2;11950000;;Новое шоссе;10;Хлебниково;Хлебниково
;;https://dolgoprudny.cian.ru/sale/flat/297092707/;Долгопрудный;sale;flat;17;23;2;57.3;11943571;;;;Хлебниково;Бригантина ЖК
Галант;real_estate_agent;https://dolgoprudny.cian.ru/sale/flat/306365245/;Долгопрудный;sale;flat;17;19;3;86.9;16500000;;проспект Ракетостроителей;7к1;Долгопрудная;
Вячеслав Чекалин;realtor;https://dolgoprudny.cian.ru/sale/flat/302399780/;Долгопрудный;sale;flat;8;26;1;39.6;7400000;;Старое Дмитровское шоссе;11;Водники;Московские водники
;;https://dolgoprudny.cian.ru/sale/flat/306627925/;Долгопрудный;sale;flat;13;23;1;34.5;8780785;;;;Хлебниково;Бригантина ЖК
Павел Кулагин;realtor;https://dolgoprudny.cian.ru/sale/flat/308855190/;Долгопрудный;sale;flat;1;5;2;40.0;6400000;; Железнякова;7;Водники;
ID 89919508;unknown;https://dolgoprudny.cian.ru/sale/flat/303906099/;Долгопрудный;sale;flat;4;23;1;30.0;5900000;;Парковая ;52к1;Водники;Бригантина
;;https://dolgoprudny.cian.ru/sale/flat/303600346/;Долгопрудный;sale;flat;19;23;2;34.1;7631445;;;;Хлебниково;Бригантина ЖК
Галант;real_estate_agent;https://dolgoprudny.cian.ru/sale/flat/308712844/;Долгопрудный;sale;flat;3;10;1;42.2;8300000;;Дирижабельная ;15Б;Долгопрудная;
Галант;real_estate_agent;https://dolgoprudny.cian.ru/sale/flat/302243443/;Долгопрудный;sale;flat;7;9;2;38.2;6500000;;Лихачевское шоссе;1б;Долгопрудная;
;;https://dolgoprudny.cian.ru/sale/flat/307506709/;Долгопрудный;sale;flat;7;23;2;47.2;9579367;;;;Водники;Бригантина ЖК
Галант;real_estate_agent;https://dolgoprudny.cian.ru/sale/flat/307153381/;Долгопрудный;sale;flat;10;19;1;46.0;8800000;;проспект Ракетостроителей;1к1;Долгопрудная;
ID 69265912;homeowner;https://dolgoprudny.cian.ru/sale/flat/307775344/;Долгопрудный;sale;flat;1;2;2;45.0;4800000;; 25-го съезда;12;Шереметьевская;
;;https://dolgoprudny.cian.ru/sale/flat/299394744/;Долгопрудный;sale;flat;10;23;1;42.0;9169139;;;;Хлебниково;Бригантина ЖК
Галант;real_estate_agent;https://dolgoprudny.cian.ru/sale/flat/308703388/;Долгопрудный;sale;flat;10;17;1;42.3;8850000;;проспект Ракетостроителей;5;Долгопрудная;
Самолет Плюс МСК-Север;real_estate_agent;https://dolgoprudny.cian.ru/sale/flat/307397777/;Долгопрудный;sale;flat;18;19;3;68.0;14650000;;проспект Ракетостроителей;5к1;Долгопрудная;
;;https://dolgoprudny.cian.ru/sale/flat/296045614/;Долгопрудный;sale;flat;2;23;1;29.2;6566962;;;;Хлебниково;Бригантина ЖК
Галант;real_estate_agent;https://dolgoprudny.cian.ru/sale/flat/308703396/;Долгопрудный;sale;flat;5;5;1;28.9;6450000;;Московское шоссе;49к1;Водники;
Дмирий Дмитриев;realtor;https://dolgoprudny.cian.ru/sale/flat/308685916/;Долгопрудный;sale;flat;4;5;1;32.0;6000000;;Московское шоссе;45;Долгопрудная;
;;https://dolgoprudny.cian.ru/sale/flat/283774236/;Долгопрудный;sale;flat;2;23;2;45.7;9776327;;;;Водники;Бригантина ЖК
Галант;real_estate_agent;https://dolgoprudny.cian.ru/sale/flat/307673422/;Долгопрудный;sale;flat;15;17;2;61.8;12750000;;Новый бульвар;15;Долгопрудная;
Елена Васильева;realtor;https://dolgoprudny.cian.ru/sale/flat/306098285/;Долгопрудный;sale;flat;3;5;2;45.0;6900000;;Московское шоссе;45;Долгопрудная;
;;https://dolgoprudny.cian.ru/sale/flat/307869466/;Долгопрудный;sale;flat;10;23;1;32.6;8225645;;;;Хлебниково;Бригантина ЖК
Марина Татаринцева;realtor;https://dolgoprudny.cian.ru/sale/flat/307887846/;Долгопрудный;sale;flat;5;9;1;32.4;6900000;; Академика Лаврентьева;25;Долгопрудная;
МИЭЛЬ;real_estate_agent;https://dolgoprudny.cian.ru/sale/flat/306375323/;Долгопрудный;sale;flat;7;19;2;61.7;9700000;;Новое шоссе;10к1;Хлебниково;
;;https://dolgoprudny.cian.ru/sale/flat/308715954/;Долгопрудный;sale;flat;2;23;1;35.6;8748268;;;;Хлебниково;Бригантина ЖК
Галант;real_estate_agent;https://dolgoprudny.cian.ru/sale/flat/307270308/;Долгопрудный;sale;flat;1;5;3;41.4;6300000;;Московское шоссе;39;Долгопрудная;
Татьяна Свиридова;realtor;https://dolgoprudny.cian.ru/sale/flat/286565916/;Долгопрудный;sale;flat;12;20;2;40.0;8300000;;Гранитная ;6;Долгопрудная;
;;https://dolgoprudny.cian.ru/sale/flat/306627931/;Долгопрудный;sale;flat;23;23;1;33.6;8625424;;;;Хлебниково;Бригантина ЖК
Галант;real_estate_agent;https://dolgoprudny.cian.ru/sale/flat/307446855/;Долгопрудный;sale;flat;2;9;2;43.8;8000000;; Циолковского;34;Долгопрудная;
Доступная Недвижимость Офис Сретенский;real_estate_agent;https://dolgoprudny.cian.ru/sale/flat/305265769/;Долгопрудный;sale;flat;2;5;2;38.5;6700000;;Московское шоссе;37;Долгопрудная;
;;https://dolgoprudny.cian.ru/sale/flat/294460545/;Долгопрудный;sale;flat;2;23;3;86.5;18029998;;;;Хлебниково;Бригантина ЖК
Николай Ларионов;realtor;https://dolgoprudny.cian.ru/sale/flat/307685496/;Долгопрудный;sale;flat;7;10;2;69.6;17800000;;проспект Пацаева;7к4;Водники;
ID 13478206;realtor;https://dolgoprudny.cian.ru/sale/flat/302780059/;Долгопрудный;sale;flat;5;5;2;41.0;6550000;;Дирижабельная ;8;Долгопрудная;
;;https://dolgoprudny.cian.ru/sale/flat/306627853/;Долгопрудный;sale;flat;22;23;3;88.1;21262896;;;;Хлебниково;Бригантина ЖК
Галант;real_estate_agent;https://dolgoprudny.cian.ru/sale/flat/308070242/;Долгопрудный;sale;flat;7;10;3;77.0;16500000;;Центральная ;5;Долгопрудная;
ИНКОМ-Недвижимость;real_estate_agent;https://dolgoprudny.cian.ru/sale/flat/304796958/;Долгопрудный;sale;flat;12;17;2;62.5;8900000;;Новое шоссе;12;Хлебниково;Хлебниково
;;https://dolgoprudny.cian.ru/sale/flat/292583752/;Долгопрудный;sale;flat;2;23;2;42.2;8842402;;;;Водники;Бригантина ЖК
Галант;real_estate_agent;https://dolgoprudny.cian.ru/sale/flat/308906370/;Долгопрудный;sale;flat;1;17;1;40.5;7800000;;Новый бульвар;23;Долгопрудная;
Ольга Викулова;realtor;https://dolgoprudny.cian.ru/sale/flat/308619317/;Долгопрудный;sale;flat;1;5;1;31.0;5550000;;Московское шоссе;47;Долгопрудная;
;;https://dolgoprudny.cian.ru/sale/flat/300756627/;Долгопрудный;sale;flat;2;23;3;52.1;10402361;;;;Хлебниково;Бригантина ЖК
Марина Татаринцева;realtor;https://dolgoprudny.cian.ru/sale/flat/307004021/;Долгопрудный;sale;flat;2;9;2;42.1;8000000;; Академика Лаврентьева;23;Долгопрудная;
Городской Центр Недвижимости;real_estate_agent;https://dolgoprudny.cian.ru/sale/flat/307917525/;Долгопрудный;sale;flat;3;9;2;49.5;8600000;мкр. Гранитный;Молодежная ;20;;
;;https://dolgoprudny.cian.ru/sale/flat/296045608/;Долгопрудный;sale;flat;4;23;1;28.1;6442849;;;;Хлебниково;Бригантина ЖК
Галант;real_estate_agent;https://dolgoprudny.cian.ru/sale/flat/308906368/;Долгопрудный;sale;flat;3;5;3;55.5;8200000;;Нагорная ;8;Долгопрудная;
ГОРОБМЕН;real_estate_agent;https://dolgoprudny.cian.ru/sale/flat/308906938/;Долгопрудный;sale;flat;9;13;2;73.1;18000000;;проспект Пацаева;7к10;Водники;
;;https://dolgoprudny.cian.ru/sale/flat/299389482/;Долгопрудный;sale;flat;5;23;2;60.0;12769592;;;;Хлебниково;Бригантина ЖК
Галант;real_estate_agent;https://dolgoprudny.cian.ru/sale/flat/308951507/;Долгопрудный;sale;flat;5;5;1;30.3;6500000;; Железнякова;2;Водники;
ИНКОМ-Недвижимость;real_estate_agent;https://dolgoprudny.cian.ru/sale/flat/308289168/;Долгопрудный;sale;flat;6;18;2;59.91;13000000;;Набережная ;31;Водники;Московские водники
;;https://dolgoprudny.cian.ru/sale/flat/296045610/;Долгопрудный;sale;flat;3;23;1;30.7;6803177;;;;Хлебниково;Бригантина ЖК
Галант;real_estate_agent;https://dolgoprudny.cian.ru/sale/flat/308566251/;Долгопрудный;sale;flat;3;5;3;62.0;9800000;;Заводская ;5;Водники;
Алексей Паршков;realtor;https://dolgoprudny.cian.ru/sale/flat/305321604/;Долгопрудный;sale;flat;15;16;4;125.8;24500000;;Лихачевское шоссе;1к4;Долгопрудная;
;;https://dolgoprudny.cian.ru/sale/flat/306627882/;Долгопрудный;sale;flat;21;23;3;70.1;16918643;;;;Хлебниково;Бригантина ЖК
Галант;real_estate_agent;https://dolgoprudny.cian.ru/sale/flat/308703383/;Долгопрудный;sale;flat;3;3;1;34.3;6650000;;Нагорная ;7/11;Долгопрудная;
ИНКОМ-Недвижимость;real_estate_agent;https://dolgoprudny.cian.ru/sale/flat/306017108/;Долгопрудный;sale;flat;2;2;2;37.0;4800000;; 25-го съезда;14;Шереметьевская;
;;https://dolgoprudny.cian.ru/sale/flat/306627862/;Долгопрудный;sale;flat;2;23;3;71.0;16356960;;;;Хлебниково;Бригантина ЖК
Галант;real_estate_agent;https://dolgoprudny.cian.ru/sale/flat/308109678/;Долгопрудный;sale;flat;6;18;2;67.7;14000000;;Набережная ;23к1;Водники;Московские водники
Аида Кудякова;realtor;https://dolgoprudny.cian.ru/sale/flat/308590841/;Долгопрудный;sale;flat;7;9;2;44.5;8750000;; Академика Лаврентьева;21;Долгопрудная;
;;https://dolgoprudny.cian.ru/sale/flat/294460580/;Долгопрудный;sale;flat;7;23;2;40.2;8776196;;;;Хлебниково;Бригантина ЖК
Метриум Премиум - отдел вторичной недвижимости;real_estate_agent;https://dolgoprudny.cian.ru/sale/flat/307592709/;Долгопрудный;sale;flat;6;16;3;92.0;23500000;;Набережная ;29к1;Водники;Московские водники
Евгений Подгорнов;realtor;https://dolgoprudny.cian.ru/sale/flat/306393567/;Долгопрудный;sale;flat;6;19;1;44.6;8800000;;проспект Ракетостроителей;9к1;Долгопрудная;
;;https://dolgoprudny.cian.ru/sale/flat/306627884/;Долгопрудный;sale;flat;2;23;1;36.8;9043171;;;;Хлебниково;Бригантина ЖК
Марьяна Кунижева;realtor;https://dolgoprudny.cian.ru/sale/flat/308190561/;Долгопрудный;sale;flat;2;5;-1;45.5;3700000;;Театральная ;15/22;Водники;
Ольга Королева;realtor;https://dolgoprudny.cian.ru/sale/flat/308584137/;Долгопрудный;sale;flat;5;5;1;19.8;4800000;; Железнякова;12;Водники;
Мария Данилова;realtor;https://dolgoprudny.cian.ru/sale/flat/302780758/;Долгопрудный;sale;flat;1;9;-1;23.0;4900000;;Речная ;24;Водники;
Этажи Москва;real_estate_agent;https://dolgoprudny.cian.ru/sale/flat/305928456/;Долгопрудный;sale;flat;4;5;1;30.6;5400000;; Нефтяников;14;Шереметьевская;
Этажи Москва;real_estate_agent;https://dolgoprudny.cian.ru/sale/flat/308308995/;Долгопрудный;sale;flat;4;5;1;30.6;5400000;; Нефтяников;14;Шереметьевская;
Майя Джомидава;realtor;https://dolgoprudny.cian.ru/sale/flat/303962286/;Долгопрудный;sale;flat;1;5;1;30.2;5600000;; Железнякова;2а;Водники;
РиэлтиГлобал;real_estate_agent;https://dolgoprudny.cian.ru/sale/flat/304367393/;Долгопрудный;sale;flat;1;2;1;31.7;5600000;; Павлова;10;Долгопрудная;
Дмитрий Некипелов;realtor;https://dolgoprudny.cian.ru/sale/flat/307812116/;Долгопрудный;sale;flat;1;5;1;32.0;5700000;;Дирижабельная ;28к1;Водники;
Самолет Плюс Коломенское;real_estate_agent;https://dolgoprudny.cian.ru/sale/flat/307086834/;Долгопрудный;sale;flat;1;16;1;36.4;5850000;;Якорная ;1;Водники;
Марьяна Кунижева;realtor;https://dolgoprudny.cian.ru/sale/flat/308297002/;Долгопрудный;sale;flat;1;3;1;31.0;5990000;мкр. Старый город;Октябрьская ;29а;;
Елена Алексеева;realtor;https://dolgoprudny.cian.ru/sale/flat/303625567/;Долгопрудный;sale;flat;1;5;2;30.0;5990000;;Нагорная ;6;Долгопрудная;
Игорь Смирнов;realtor;https://dolgoprudny.cian.ru/sale/flat/308437368/;Долгопрудный;sale;flat;1;2;1;31.5;6000000;;Заводская ;8;Водники;
Виктор Петров;realtor;https://dolgoprudny.cian.ru/sale/flat/307716636/;Долгопрудный;sale;flat;2;4;1;33.5;6100000;;Центральная ;2;Долгопрудная;
Градомиръ;real_estate_agent;https://dolgoprudny.cian.ru/sale/flat/306279271/;Долгопрудный;sale;flat;12;17;1;34.0;6200000;;;к2;Шереметьевская;Бригантина ЖК
ID 72329732;realtor;https://dolgoprudny.cian.ru/sale/flat/308186227/;Долгопрудный;sale;flat;3;5;1;30.7;6200000;;Дирижабельная ;22/15;Долгопрудная;
ГАРАНТИЯ;real_estate_agent;https://dolgoprudny.cian.ru/sale/flat/307000653/;Долгопрудный;sale;flat;7;9;-1;59.4;6300000;;Лихачевское шоссе;13к2;Долгопрудная;
Андрей Слободский;realtor;https://dolgoprudny.cian.ru/sale/flat/308044951/;Долгопрудный;sale;flat;21;24;1;32.0;6300000;;Парковая ;52;Водники;Бригантина
Светлана Новикова;realtor;https://dolgoprudny.cian.ru/sale/flat/308200532/;Долгопрудный;sale;flat;3;5;1;33.0;6300000;;Лихачевское шоссе;8к3;Долгопрудная;
Владис;real_estate_agent;https://dolgoprudny.cian.ru/sale/flat/307850655/;Долгопрудный;sale;flat;1;5;3;41.4;6300000;;Московское шоссе;39;Долгопрудная;
Александра Тимофеева;realtor;https://dolgoprudny.cian.ru/sale/flat/305831969/;Долгопрудный;sale;flat;1;9;1;36.0;6400000;; Академика Лаврентьева;1;Водники;
Иван Усачев;realtor;https://dolgoprudny.cian.ru/sale/flat/299450147/;Долгопрудный;sale;flat;1;5;2;42.0;6499000;;Лихачевское шоссе;29;Долгопрудная;
ID 19770;realtor;https://dolgoprudny.cian.ru/sale/flat/307959144/;Долгопрудный;sale;flat;3;5;1;34.0;6500000;;Советская ;8/8;Долгопрудная;
Магазин квартир;real_estate_agent;https://dolgoprudny.cian.ru/sale/flat/306576437/;Долгопрудный;sale;flat;5;5;2;43.0;6500000;;Лихачевское шоссе;11;Долгопрудная;
Татьяна Галанина;realtor;https://dolgoprudny.cian.ru/sale/flat/298262302/;Долгопрудный;sale;flat;1;9;1;33.0;6500000;; Академика Лаврентьева;23;Долгопрудная;
ID 81034704;homeowner;https://dolgoprudny.cian.ru/sale/flat/307779275/;Долгопрудный;sale;flat;9;9;3;57.8;12400000;; Академика Лаврентьева;29;Долгопрудная;
Владис;real_estate_agent;https://dolgoprudny.cian.ru/sale/flat/306505296/;Долгопрудный;sale;flat;5;9;2;43.8;8050000;;Лихачевское шоссе;20к1;Водники;
;;https://dolgoprudny.cian.ru/sale/flat/306860705/;Долгопрудный;sale;flat;5;23;1;32.2;6994278;;;;Хлебниково;Бригантина ЖК
ID 118798078;homeowner;https://dolgoprudny.cian.ru/sale/flat/308847731/;Долгопрудный;sale;flat;17;22;3;77.0;15900000;;Лихачевский проспект;74к1;Долгопрудная;
Наталья Козлова;realtor;https://dolgoprudny.cian.ru/sale/flat/303941929/;Долгопрудный;sale;flat;3;5;2;45.7;6700000;;Нагорная ;4;Долгопрудная;
;;https://dolgoprudny.cian.ru/sale/flat/294460553/;Долгопрудный;sale;flat;2;23;1;42.6;9019735;;;;Хлебниково;Бригантина ЖК
Октава-Недвижимость;real_estate_agent;https://dolgoprudny.cian.ru/sale/flat/293992354/;Долгопрудный;sale;flat;8;23;2;50.5;10850000;;Старое Дмитровское шоссе;11;Водники;Московские водники
АЛЬЯНС;real_estate_agent;https://dolgoprudny.cian.ru/sale/flat/307741827/;Долгопрудный;sale;flat;2;9;2;45.0;8900000;мкр. Гранитный;Молодежная ;20;;
;;https://dolgoprudny.cian.ru/sale/flat/292583754/;Долгопрудный;sale;flat;3;23;2;44.7;9611396;;;;Водники;Бригантина ЖК
Место;real_estate_agent;https://dolgoprudny.cian.ru/sale/flat/308872073/;Долгопрудный;sale;flat;6;23;1;34.0;7300000;;Парковая ;48;Долгопрудная;Бригантина
Екатерина Попова;realtor;https://dolgoprudny.cian.ru/sale/flat/301060202/;Долгопрудный;sale;flat;2;10;2;67.6;11950000;;Центральная ;5;Долгопрудная;
;;https://dolgoprudny.cian.ru/sale/flat/302672316/;Долгопрудный;sale;flat;16;23;3;85.4;18550179;;;;Хлебниково;Бригантина ЖК
Елена Васильева;realtor;https://dolgoprudny.cian.ru/sale/flat/307103238/;Долгопрудный;sale;flat;2;5;2;42.0;6850000;;Советская ;8/8;Долгопрудная;
Екатерина Попова;realtor;https://dolgoprudny.cian.ru/sale/flat/308117214/;Долгопрудный;sale;flat;6;17;3;83.9;19000000;;Набережная ;31;Водники;Московские водники
Сергей Пчельников;realtor;https://dolgoprudny.cian.ru/sale/flat/305244870/;Долгопрудный;sale;flat;13;17;2;60.7;12900000;;Спортивная ;11Б;Долгопрудная;
Елена Стометова;realtor;https://dolgoprudny.cian.ru/sale/flat/302920553/;Долгопрудный;sale;flat;15;24;1;39.6;7999999;;Старое Дмитровское шоссе;11;Водники;Московские водники
Макромир;real_estate_agent;https://dolgoprudny.cian.ru/sale/flat/308515689/;Долгопрудный;sale;flat;4;9;3;57.5;11500000;; Академика Лаврентьева;21;Долгопрудная;
ID 25406066;unknown;https://dolgoprudny.cian.ru/sale/flat/301996044/;Долгопрудный;sale;flat;6;9;2;50.5;8199000;;Лихачевское шоссе;10;Долгопрудная;
Простор-недвижимость;real_estate_agent;https://dolgoprudny.cian.ru/sale/flat/300507425/;Долгопрудный;sale;flat;9;9;2;57.0;10200000;;Спортивная ;13;Долгопрудная;
ПАРТНЕР-ХАУС;real_estate_agent;https://dolgoprudny.cian.ru/sale/flat/307056687/;Долгопрудный;sale;flat;10;23;2;65.22;17000000;;бульвар Имени Умберто Нобиле;1;Долгопрудная;
ID 88057659;homeowner;https://dolgoprudny.cian.ru/sale/flat/308495920/;Долгопрудный;sale;flat;13;23;1;30.3;8300000;;Парковая ;48;Долгопрудная;Бригантина
ID 72329732;realtor;https://dolgoprudny.cian.ru/sale/flat/299289712/;Долгопрудный;sale;flat;5;5;2;54.1;7900000;;Восточная ;33;Долгопрудная;
Светлана Романова;realtor;https://dolgoprudny.cian.ru/sale/flat/304123875/;Долгопрудный;sale;flat;2;9;2;44.2;7990000;; Академика Лаврентьева;29;Долгопрудная;
Жилцентр;real_estate_agent;https://dolgoprudny.cian.ru/sale/flat/306617947/;Долгопрудный;sale;flat;1;5;2;44.6;7300000;;Нагорная ;10;Долгопрудная;
WHITE BROKER;real_estate_agent;https://dolgoprudny.cian.ru/sale/flat/308563083/;Долгопрудный;sale;flat;1;3;1;30.6;7400000;;Центральная ;8;Долгопрудная;
Мария Каменная;realtor;https://dolgoprudny.cian.ru/sale/flat/307857458/;Долгопрудный;sale;flat;14;23;1;36.5;7500000;;Парковая ;44;Хлебниково;Бригантина
Владис;real_estate_agent;https://dolgoprudny.cian.ru/sale/flat/303743340/;Долгопрудный;sale;flat;5;9;1;33.0;7500000;;Дирижабельная ;17;Долгопрудная;
ИНВЕСТ НЕДВИЖИМОСТЬ;real_estate_agent;https://dolgoprudny.cian.ru/sale/flat/302505335/;Долгопрудный;sale;flat;4;5;2;47.5;7500000;;Театральная ;11;Водники;
Мария Данилова;realtor;https://dolgoprudny.cian.ru/sale/flat/287679514/;Долгопрудный;sale;flat;10;24;1;35.5;7550000;;Парковая ;46к1;Водники;Бригантина
Валерий Петров;realtor;https://dolgoprudny.cian.ru/sale/flat/295073194/;Долгопрудный;sale;flat;3;9;1;37.0;7500000;; Академика Лаврентьева;5;Водники;
Юлия Чмышкова;realtor;https://dolgoprudny.cian.ru/sale/flat/308854076/;Долгопрудный;sale;flat;9;9;1;32.8;7500000;;Дирижабельная ;13;Долгопрудная;
Наталья Твердохлебова;realtor;https://dolgoprudny.cian.ru/sale/flat/303712456/;Долгопрудный;sale;flat;1;5;2;43.3;7500000;;Якорная ;3;Водники;
Александр Филатов;realtor;https://dolgoprudny.cian.ru/sale/flat/304027566/;Долгопрудный;sale;flat;2;9;1;32.7;7500000;;Дирижабельная ;13;Долгопрудная;
ЭР-АЛЬЯНС-ГРУПП;real_estate_agent;https://dolgoprudny.cian.ru/sale/flat/300504806/;Долгопрудный;sale;flat;21;23;1;34.3;7500000;;Парковая ;44к1;Водники;Бригантина
ОЛИМП-НЕДВИЖИМОСТЬ;real_estate_agent;https://dolgoprudny.cian.ru/sale/flat/303934473/;Долгопрудный;sale;flat;5;5;2;41.1;7600000;;Лихачевское шоссе;8к3;Долгопрудная;
НДВ;real_estate_agent;https://dolgoprudny.cian.ru/sale/flat/303577574/;Долгопрудный;sale;flat;4;5;2;44.7;7600000;;Нагорная ;10;Долгопрудная;
ОЛИМП-НЕДВИЖИМОСТЬ;real_estate_agent;https://dolgoprudny.cian.ru/sale/flat/302755601/;Долгопрудный;sale;flat;2;5;2;40.9;7600000;;Московское шоссе;43к3;Долгопрудная;
ИНКОМ-Недвижимость;real_estate_agent;https://dolgoprudny.cian.ru/sale/flat/307822758/;Долгопрудный;sale;flat;9;19;1;47.2;7700000;;Новое шоссе;10к1;Хлебниково;
Елена Алексеева;realtor;https://dolgoprudny.cian.ru/sale/flat/292177632/;Долгопрудный;sale;flat;6;9;2;46.9;7700000;;Лихачевское шоссе;21;Водники;
Простор-недвижимость;real_estate_agent;https://dolgoprudny.cian.ru/sale/flat/308898599/;Долгопрудный;sale;flat;2;5;3;51.4;7700000;;Станционная ;14;Хлебниково;
Ордер;real_estate_agent;https://dolgoprudny.cian.ru/sale/flat/306199312/;Долгопрудный;sale;flat;7;23;1;39.6;7800000;;Парковая ;48;Долгопрудная;Бригантина
ИНКОМ-Недвижимость;real_estate_agent;https://dolgoprudny.cian.ru/sale/flat/306272134/;Долгопрудный;sale;flat;3;9;1;37.1;7850000;;Молодежная ;14/1;Долгопрудная;
Равиля Минуллина;realtor;https://dolgoprudny.cian.ru/sale/flat/303828859/;Долгопрудный;sale;flat;5;5;2;47.0;7990000;; Железнякова;2а;Водники;
Комета Эстейт;real_estate_agent;https://dolgoprudny.cian.ru/sale/flat/308567103/;Долгопрудный;sale;flat;2;9;2;43.8;7999999;; Циолковского;34;Долгопрудная;
ИНФИНИТИ;real_estate_agent;https://dolgoprudny.cian.ru/sale/flat/307337710/;Долгопрудный;sale;flat;2;17;1;38.0;7990000;;Набережная ;29к1;Водники;Московские водники
Татьяна Шотова;realtor;https://dolgoprudny.cian.ru/sale/flat/295016242/;Долгопрудный;sale;flat;3;5;2;44.2;7900000;;Московское шоссе;45;Долгопрудная;
Est-a-Tet – Вторичная недвижимость;real_estate_agent;https://dolgoprudny.cian.ru/sale/flat/306458973/;Долгопрудный;sale;flat;14;24;1;31.0;7900000;;Парковая ;44;Хлебниково;Бригантина
ЕГСН Продажа;real_estate_agent;https://dolgoprudny.cian.ru/sale/flat/302999597/;Долгопрудный;sale;flat;3;9;3;70.9;12100000;;Молодежная ;8;Долгопрудная;
ИНКОМ-Недвижимость;real_estate_agent;https://dolgoprudny.cian.ru/sale/flat/302463916/;Долгопрудный;sale;flat;6;17;1;28.2;6600000;;Старое Дмитровское шоссе;15;Водники;Московские водники
ID 89919508;unknown;https://dolgoprudny.cian.ru/sale/flat/308686439/;Долгопрудный;sale;flat;1;5;2;41.1;7350000;;Первомайская ;17А;Долгопрудная;
Галант;real_estate_agent;https://dolgoprudny.cian.ru/sale/flat/306507246/;Долгопрудный;sale;flat;2;10;1;38.0;7650000;;Лихачевское шоссе;31к1;Водники;
ID 7318679;realtor;https://dolgoprudny.cian.ru/sale/flat/303556705/;Долгопрудный;sale;flat;1;5;3;57.3;7750000;;Театральная ;11;Водники;
Татьяна Калюжная;realtor;https://dolgoprudny.cian.ru/sale/flat/307195532/;Долгопрудный;sale;flat;3;9;2;63.0;14650000;; Циолковского;28;Долгопрудная;
Этажи Москва;real_estate_agent;https://dolgoprudny.cian.ru/sale/flat/308758235/;Долгопрудный;sale;flat;2;2;1;35.8;5400000;; Нефтяников;9;Шереметьевская;
Этажи Москва;real_estate_agent;https://dolgoprudny.cian.ru/sale/flat/306389796/;Долгопрудный;sale;flat;5;13;2;35.7;6990000;;;;Шереметьевская;Бригантина ЖК
Самолет Плюс МСК-Север;real_estate_agent;https://dolgoprudny.cian.ru/sale/flat/308459115/;Долгопрудный;sale;flat;3;21;1;44.7;9300000;;проспект Ракетостроителей;3;Долгопрудная;
Владислав Леонтьев;realtor;https://dolgoprudny.cian.ru/sale/flat/307668585/;Долгопрудный;sale;flat;12;17;3;74.6;13000000;;Новое шоссе;10;Хлебниково;Хлебниково
ID 117220912;homeowner;https://dolgoprudny.cian.ru/sale/flat/302735411/;Долгопрудный;sale;flat;9;9;2;44.2;7500000;;Московское шоссе;57;Водники;
Наталья Гунькина;realtor;https://dolgoprudny.cian.ru/sale/flat/304367347/;Долгопрудный;sale;flat;13;19;1;42.0;9000000;;бульвар Имени Умберто Нобиле;1;Долгопрудная;
ID 1942;realtor;https://dolgoprudny.cian.ru/sale/flat/305522952/;Долгопрудный;sale;flat;2;18;1;35.0;8450000;;Набережная ;27;Водники;Московские водники
Вариант;real_estate_agent;https://dolgoprudny.cian.ru/sale/flat/299696215/;Долгопрудный;sale;flat;3;18;1;42.3;8500000;;Лихачевский проспект;68к5;Долгопрудная;
МИЭЛЬ;real_estate_agent;https://dolgoprudny.cian.ru/sale/flat/308239183/;Долгопрудный;sale;flat;5;23;1;29.9;7200000;;Парковая ;46;Водники;Бригантина
Галина Дубкова;realtor;https://dolgoprudny.cian.ru/sale/flat/308716428/;Долгопрудный;sale;flat;20;23;1;28.5;7500000;;Парковая ;52к1;Водники;Бригантина
ID 97304793;homeowner;https://dolgoprudny.cian.ru/sale/flat/304620618/;Долгопрудный;sale;flat;6;24;1;25.0;5800000;;Парковая ;52;Водники;Бригантина
Майя Джомидава;realtor;https://dolgoprudny.cian.ru/sale/flat/307716432/;Долгопрудный;sale;flat;2;9;2;46.8;8850000;; Академика Лаврентьева;11;Водники;
ID 9530;realtor;https://dolgoprudny.cian.ru/sale/flat/277260640/;Долгопрудный;sale;flat;14;19;1;24.0;7500000;;Новый бульвар;9к1;Долгопрудная;
СМАРЕНТ;real_estate_agent;https://dolgoprudny.cian.ru/sale/flat/307418536/;Долгопрудный;sale;flat;5;5;2;44.0;7300000;;Нагорная ;4;Долгопрудная;
ГОРОБМЕН;real_estate_agent;https://dolgoprudny.cian.ru/sale/flat/306120634/;Долгопрудный;sale;flat;2;5;1;31.0;6500000;; Циолковского;13;Долгопрудная;
Оксана Раххаль;realtor;https://dolgoprudny.cian.ru/sale/flat/308943176/;Долгопрудный;sale;flat;13;27;2;67.3;12500000;;Новый бульвар;7;Долгопрудная;мкр. Центральный корп. 9, 10, 11
PRO ОБМЕН;real_estate_agent;https://dolgoprudny.cian.ru/sale/flat/305969530/;Долгопрудный;sale;flat;12;17;2;59.0;11200000;;Новое шоссе;10;Хлебниково;Хлебниково
Галант;real_estate_agent;https://dolgoprudny.cian.ru/sale/flat/308257578/;Долгопрудный;sale;flat;12;23;1;30.5;8300000;;Парковая ;52к1;Водники;Бригантина
ID 23089139;homeowner;https://dolgoprudny.cian.ru/sale/flat/305520496/;Долгопрудный;sale;flat;4;9;1;31.9;7400000;;Московское шоссе;55к3;Водники;
Наталья Алтынбаева;realtor;https://dolgoprudny.cian.ru/sale/flat/297944828/;Долгопрудный;sale;flat;2;5;3;57.0;10550000;;Московское шоссе;41;Долгопрудная;
Владис;real_estate_agent;https://dolgoprudny.cian.ru/sale/flat/308954792/;Долгопрудный;sale;flat;3;23;1;35.0;8000000;;Парковая ;52к1;Водники;Бригантина
Городской Центр Недвижимости;real_estate_agent;https://dolgoprudny.cian.ru/sale/flat/306007671/;Долгопрудный;sale;flat;21;25;2;50.0;12200000;;Парковая ;46;Водники;Бригантина
ID 41164517;realtor;https://dolgoprudny.cian.ru/sale/flat/308932615/;Долгопрудный;sale;flat;8;24;1;24.4;7250000;;Парковая ;52;Водники;Бригантина
Марина Климова;realtor;https://dolgoprudny.cian.ru/sale/flat/308366653/;Долгопрудный;sale;flat;11;17;3;90.5;19950000;;Набережная ;27;Водники;Московские водники
ID 105028604;homeowner;https://dolgoprudny.cian.ru/sale/flat/289769520/;Долгопрудный;sale;flat;9;25;1;32.0;8000000;;Парковая ;54;Долгопрудная;
МРИЭЛТОР - офис Отрадное;real_estate_agent;https://dolgoprudny.cian.ru/sale/flat/307385165/;Долгопрудный;sale;flat;6;19;3;98.8;17850000;;Лихачевское шоссе;13а;Долгопрудная;
Галант;real_estate_agent;https://dolgoprudny.cian.ru/sale/flat/304873052/;Долгопрудный;sale;flat;1;5;2;45.0;6620000;;Заводская ;3;Водники;
Владис;real_estate_agent;https://dolgoprudny.cian.ru/sale/flat/302921637/;Долгопрудный;sale;flat;13;23;2;53.7;9000000;;Парковая ;50;Водники;Бригантина
Галант;real_estate_agent;https://dolgoprudny.cian.ru/sale/flat/308931747/;Долгопрудный;sale;flat;13;23;1;31.8;8000000;;Парковая ;52;Водники;Бригантина
Самолет Плюс;real_estate_agent;https://dolgoprudny.cian.ru/sale/flat/306142206/;Долгопрудный;sale;flat;8;18;1;45.3;9600000;;Лихачевский проспект;76к1;Долгопрудная;
Надежда Покровская;realtor;https://dolgoprudny.cian.ru/sale/flat/308916363/;Долгопрудный;sale;flat;9;9;3;55.8;10600000;;Лихачевское шоссе;10;Долгопрудная;
ИНВЕСТ НЕДВИЖИМОСТЬ;real_estate_agent;https://dolgoprudny.cian.ru/sale/flat/293915370/;Долгопрудный;sale;flat;20;24;2;58.0;10800000;;Парковая ;50;Водники;Бригантина
МИЭЛЬ;real_estate_agent;https://dolgoprudny.cian.ru/sale/flat/307144912/;Долгопрудный;sale;flat;7;8;3;76.5;13000000;;Московское шоссе;59к1;Водники;
ID 77243464;homeowner;https://dolgoprudny.cian.ru/sale/flat/299982429/;Долгопрудный;sale;flat;21;23;1;29.9;5700000;;Парковая ;46;Водники;Бригантина
Этажи Москва;real_estate_agent;https://dolgoprudny.cian.ru/sale/flat/306214969/;Долгопрудный;sale;flat;8;17;1;30.0;7390000;;Новое шоссе;10;Хлебниково;Хлебниково
ID 479190;realtor;https://dolgoprudny.cian.ru/sale/flat/306224593/;Долгопрудный;sale;flat;2;5;2;42.0;6350000;;Нагорная ;4;Долгопрудная;
Екатерина Попова;realtor;https://dolgoprudny.cian.ru/sale/flat/306652837/;Долгопрудный;sale;flat;6;17;1;49.06;9970000;;Старое Дмитровское шоссе;17;Водники;Московские водники
ID 18087292;homeowner;https://dolgoprudny.cian.ru/sale/flat/302275572/;Долгопрудный;sale;flat;12;16;1;34.5;7300000;;проспект Пацаева;9;Водники;
GGS GROUP;real_estate_agent;https://dolgoprudny.cian.ru/sale/flat/302946410/;Долгопрудный;sale;flat;2;24;2;50.9;9000000;;Парковая ;46;Водники;Бригантина
ID 73960608;unknown;https://dolgoprudny.cian.ru/sale/flat/308158411/;Долгопрудный;sale;flat;2;2;1;35.0;6000000;;Северная ;10;Долгопрудная;
Этажи Москва;real_estate_agent;https://dolgoprudny.cian.ru/sale/flat/308745584/;Долгопрудный;sale;flat;1;5;2;37.5;7700000;;Театральная ;10;Водники;
Жилцентр;real_estate_agent;https://dolgoprudny.cian.ru/sale/flat/303255773/;Долгопрудный;sale;flat;2;9;1;58.2;21650000;;Первомайская ;33;Долгопрудная;
Наталья Сазанова;realtor;https://dolgoprudny.cian.ru/sale/flat/307694107/;Долгопрудный;sale;flat;11;22;3;88.4;18500000;;проспект Ракетостроителей;9к3;Долгопрудная;
ID 112811711;homeowner;https://dolgoprudny.cian.ru/sale/flat/298056816/;Долгопрудный;sale;flat;2;5;2;44.4;6700000;;Якорная ;3;Водники;
Владислав Павлов;realtor;https://dolgoprudny.cian.ru/sale/flat/300528219/;Долгопрудный;sale;flat;17;21;2;66.1;12499999;;проспект Ракетостроителей;7к1;Долгопрудная;
Самолет Плюс Лобня;real_estate_agent;https://dolgoprudny.cian.ru/sale/flat/300981753/;Долгопрудный;sale;flat;1;16;2;52.0;10000000;;проспект Пацаева;17;Водники;
Игорь Ротшильд;realtor;https://dolgoprudny.cian.ru/sale/flat/308317194/;Долгопрудный;sale;flat;10;23;2;50.0;13000000;;Парковая ;48;Долгопрудная;Бригантина
НДВ;real_estate_agent;https://dolgoprudny.cian.ru/sale/flat/304976882/;Долгопрудный;sale;flat;7;18;3;90.0;19000000;;Гранитная ;6;Долгопрудная;
Надежда Гимель;realtor;https://dolgoprudny.cian.ru/sale/flat/307868759/;Долгопрудный;sale;flat;9;24;1;30.0;5800000;;Парковая ;46;Водники;Бригантина
Городские квартиры;real_estate_agent;https://dolgoprudny.cian.ru/sale/flat/308406281/;Долгопрудный;sale;flat;4;5;1;31.0;6050000;;Театральная ;13;Водники;
PRO Недвижимость;real_estate_agent;https://dolgoprudny.cian.ru/sale/flat/305947299/;Долгопрудный;sale;flat;13;17;1;40.5;7990000;;Старое Дмитровское шоссе;17;Водники;Московские водники
LUXESTATE;real_estate_agent;https://dolgoprudny.cian.ru/sale/flat/308260196/;Долгопрудный;sale;flat;14;18;3;85.0;25000000;;Набережная ;31;Водники;Московские водники
Простор-недвижимость;real_estate_agent;https://dolgoprudny.cian.ru/sale/flat/307428921/;Долгопрудный;sale;flat;9;23;2;56.0;11900000;;Старое Дмитровское шоссе;11;Водники;Московские водники
Елена Маршева;realtor;https://dolgoprudny.cian.ru/sale/flat/295802338/;Долгопрудный;sale;flat;19;19;1;44.96;8000000;;Новое шоссе;10к1;Хлебниково;
ID 49811460;homeowner;https://dolgoprudny.cian.ru/sale/flat/308521378/;Долгопрудный;sale;flat;3;5;2;44.5;8300000;;Южная ;2а;Хлебниково;
Ирина Иванова;realtor;https://dolgoprudny.cian.ru/sale/flat/299449057/;Долгопрудный;sale;flat;9;9;3;48.7;9599000;; Железнякова;18;Водники;
Владис;real_estate_agent;https://dolgoprudny.cian.ru/sale/flat/308019112/;Долгопрудный;sale;flat;2;5;2;46.7;7300000;;Восточная ;35;Долгопрудная;
Ирина Иванова;realtor;https://dolgoprudny.cian.ru/sale/flat/303437472/;Долгопрудный;sale;flat;13;23;2;52.6;10250000;;Парковая ;48;Долгопрудная;Бригантина
Алексей Паршков;realtor;https://dolgoprudny.cian.ru/sale/flat/298535741/;Долгопрудный;sale;flat;6;19;1;46.0;9700000;;проспект Ракетостроителей;7к1;Долгопрудная;
Инна Петрова;realtor;https://dolgoprudny.cian.ru/sale/flat/308076845/;Долгопрудный;sale;flat;9;9;1;38.0;7580000;;Лихачевское шоссе;6к1;Долгопрудная;
Майя Джомидава;realtor;https://dolgoprudny.cian.ru/sale/flat/303314366/;Долгопрудный;sale;flat;7;9;3;57.9;11300000;; Академика Лаврентьева;21;Долгопрудная;
ID 72329732;realtor;https://dolgoprudny.cian.ru/sale/flat/307627784/;Долгопрудный;sale;flat;2;19;1;46.0;8500000;;проспект Ракетостроителей;5к1;Долгопрудная;
Этажи Москва;real_estate_agent;https://dolgoprudny.cian.ru/sale/flat/306317006/;Долгопрудный;sale;flat;4;5;2;44.6;7500000;;Театральная ;14;Водники;
ID 72329732;realtor;https://dolgoprudny.cian.ru/sale/flat/307627869/;Долгопрудный;sale;flat;5;9;1;41.0;8550000;;Московское шоссе;59к1;Водники;
Жилцентр;real_estate_agent;https://dolgoprudny.cian.ru/sale/flat/291455362/;Долгопрудный;sale;flat;11;18;3;91.9;14000000;;Новое шоссе;12;Хлебниково;Хлебниково
Этажи Москва;real_estate_agent;https://dolgoprudny.cian.ru/sale/flat/306211704/;Долгопрудный;sale;flat;2;9;2;44.0;8000000;; Циолковского;34;Долгопрудная;
ID 90991164;homeowner;https://dolgoprudny.cian.ru/sale/flat/306259589/;Долгопрудный;sale;flat;4;5;2;44.6;7500000;;Театральная ;14;Водники;
Галант;real_estate_agent;https://dolgoprudny.cian.ru/sale/flat/308115570/;Долгопрудный;sale;flat;5;23;1;36.7;6950000;;Парковая ;46к1;Водники;Бригантина
Самолет Плюс  Павловский Посад;real_estate_agent;https://dolgoprudny.cian.ru/sale/flat/308462163/;Долгопрудный;sale;flat;17;19;2;66.1;14000000;;проспект Ракетостроителей;7к1;Долгопрудная;
ФОРУМ;real_estate_agent;https://dolgoprudny.cian.ru/sale/flat/299217003/;Долгопрудный;sale;flat;4;23;2;40.8;8200000;;Заводская ;;Водники;Бригантина
Chase R.E.S.;real_estate_agent;https://dolgoprudny.cian.ru/sale/flat/294449141/;Долгопрудный;sale;flat;14;19;3;90.0;21000000;;Лихачевское шоссе;20к4;Водники;
Монолит;real_estate_agent;https://dolgoprudny.cian.ru/sale/flat/298788641/;Долгопрудный;sale;flat;16;17;2;59.0;11300000;;Новое шоссе;10;Хлебниково;Хлебниково
На Савеловской;real_estate_agent;https://dolgoprudny.cian.ru/sale/flat/305887822/;Долгопрудный;sale;flat;8;16;3;90.0;24000000;;Набережная ;29к1;Водники;Московские водники
Алексей Паршков;realtor;https://dolgoprudny.cian.ru/sale/flat/307716111/;Долгопрудный;sale;flat;17;23;1;34.0;6800000;;Парковая ;44к1;Водники;Бригантина
ID 121647376;homeowner;https://dolgoprudny.cian.ru/sale/flat/307205149/;Долгопрудный;sale;flat;1;5;3;41.4;6300000;;Московское шоссе;39;Долгопрудная;
Наталья Раздина;realtor;https://dolgoprudny.cian.ru/sale/flat/303070981/;Долгопрудный;sale;flat;2;17;1;41.0;9500000;;Новый бульвар;23;Долгопрудная;
ID 17403971;unknown;https://dolgoprudny.cian.ru/sale/flat/307332538/;Долгопрудный;sale;flat;7;18;1;43.0;8500000;;проспект Ракетостроителей;5;Долгопрудная;
ОГРК;real_estate_agent;https://dolgoprudny.cian.ru/sale/flat/299926932/;Долгопрудный;sale;flat;2;23;3;74.0;14799999;;Старое Дмитровское шоссе;11;Водники;Московские водники
Галант;real_estate_agent;https://dolgoprudny.cian.ru/sale/flat/307868382/;Долгопрудный;sale;flat;12;16;1;35.0;7850000;;проспект Пацаева;15;Водники;
EuroDoma;real_estate_agent;https://dolgoprudny.cian.ru/sale/flat/286255013/;Долгопрудный;sale;flat;5;5;2;43.0;8900000;;Первомайская ;;Долгопрудная;
Галант;real_estate_agent;https://dolgoprudny.cian.ru/sale/flat/306566121/;Долгопрудный;sale;flat;2;23;1;32.4;8350000;;Парковая ;52;Водники;Бригантина
Сирануш Ходжаян;realtor;https://dolgoprudny.cian.ru/sale/flat/308717259/;Долгопрудный;sale;flat;13;24;2;52.3;10100000;;Парковая ;46к1;Водники;Бригантина
ID 87577436;homeowner;https://dolgoprudny.cian.ru/sale/flat/298520734/;Долгопрудный;sale;flat;4;5;2;44.3;7800000;;Московское шоссе;49к1;Водники;
Роман Золотов;realtor;https://dolgoprudny.cian.ru/sale/flat/303152088/;Долгопрудный;sale;flat;21;27;1;44.2;12500000;;Новый бульвар;7;Долгопрудная;мкр. Центральный корп. 9, 10, 11
Галант;real_estate_agent;https://dolgoprudny.cian.ru/sale/flat/305642284/;Долгопрудный;sale;flat;23;23;1;30.5;7200000;;Парковая ;48;Долгопрудная;Бригантина
Самолет плюс;real_estate_agent;https://dolgoprudny.cian.ru/sale/flat/302309896/;Долгопрудный;sale;flat;2;5;2;43.0;7100000;;Нагорная ;2;Долгопрудная;
Самолет Плюс;real_estate_agent;https://dolgoprudny.cian.ru/sale/flat/308545500/;Долгопрудный;sale;flat;1;9;1;32.1;7300000;;Московское шоссе;55к2;Водники;
Сити Недвижимость;real_estate_agent;https://dolgoprudny.cian.ru/sale/flat/302147078/;Долгопрудный;sale;flat;4;17;1;42.0;8400000;;Лихачевский проспект;70к4;Долгопрудная;
ИНКОМ-Недвижимость;real_estate_agent;https://dolgoprudny.cian.ru/sale/flat/303645754/;Долгопрудный;sale;flat;6;17;3;78.7;15000000;;Госпитальная ;10;Хлебниково;
Владис;real_estate_agent;https://dolgoprudny.cian.ru/sale/flat/307291570/;Долгопрудный;sale;flat;23;23;1;34.0;8398000;;бульвар Имени Умберто Нобиле;1;Долгопрудная;
Ольга Харитонова;realtor;https://dolgoprudny.cian.ru/sale/flat/303898588/;Долгопрудный;sale;flat;2;23;1;34.0;10900000;;Парковая ;48;Долгопрудная;Бригантина
Оксана Максимова;realtor;https://dolgoprudny.cian.ru/sale/flat/307971936/;Долгопрудный;sale;flat;2;5;2;47.9;7850000;;Заводская ;5;Водники;
Анастасия Трофимова;realtor;https://dolgoprudny.cian.ru/sale/flat/298978452/;Долгопрудный;sale;flat;16;17;3;82.0;13900000;;Госпитальная ;10;Хлебниково;
Алла Шмелева;realtor;https://dolgoprudny.cian.ru/sale/flat/303948691/;Долгопрудный;sale;flat;5;10;1;45.0;10000000;;Дирижабельная ;15Б;Долгопрудная;
Этажи Москва;real_estate_agent;https://dolgoprudny.cian.ru/sale/flat/308621631/;Долгопрудный;sale;flat;23;23;1;34.3;8400000;;бульвар Имени Умберто Нобиле;1;Долгопрудная;
ИНВЕСТ НЕДВИЖИМОСТЬ;real_estate_agent;https://dolgoprudny.cian.ru/sale/flat/304170426/;Долгопрудный;sale;flat;11;13;1;31.4;7200000;;Заводская ;;Водники;Бригантина
ID 119992901;homeowner;https://dolgoprudny.cian.ru/sale/flat/305548041/;Долгопрудный;sale;flat;1;5;2;50.4;8150000;;Восточная ;43;Долгопрудная;
Галант;real_estate_agent;https://dolgoprudny.cian.ru/sale/flat/298004908/;Долгопрудный;sale;flat;11;23;2;39.7;7400000;;Парковая ;44к1;Водники;Бригантина
РОСН;real_estate_agent;https://dolgoprudny.cian.ru/sale/flat/308652612/;Долгопрудный;sale;flat;4;22;2;60.0;17500000;;Старое Дмитровское шоссе;11;Водники;Московские водники
Галант;real_estate_agent;https://dolgoprudny.cian.ru/sale/flat/296029136/;Долгопрудный;sale;flat;8;23;2;39.0;7650000;;Парковая ;46к1;Водники;Бригантина
ID 46805567;homeowner;https://dolgoprudny.cian.ru/sale/flat/300909320/;Долгопрудный;sale;flat;9;24;1;21.3;6300000;;Парковая ;44к1;Водники;Бригантина
МИЦ-Столичный ипотечный центр недвижимости;real_estate_agent;https://dolgoprudny.cian.ru/sale/flat/307159626/;Долгопрудный;sale;flat;18;24;2;40.5;8700000;;Парковая ;44;Хлебниково;Бригантина
City Nova Group;real_estate_agent;https://dolgoprudny.cian.ru/sale/flat/307310017/;Долгопрудный;sale;flat;3;5;2;44.6;8300000;;Ленинградская ;;Хлебниково;
Галант;real_estate_agent;https://dolgoprudny.cian.ru/sale/flat/298147148/;Долгопрудный;sale;flat;5;23;1;29.9;6000000;;Парковая ;44;Хлебниково;Бригантина
Лариса Ганжа;realtor;https://dolgoprudny.cian.ru/sale/flat/299251957/;Долгопрудный;sale;flat;8;17;3;83.0;16800000;;Госпитальная ;8;Хлебниково;
ID 122006794;homeowner;https://dolgoprudny.cian.ru/sale/flat/307573774/;Долгопрудный;sale;flat;2;2;1;39.0;6500000;; Павлова;14;Долгопрудная;
Галант;real_estate_agent;https://dolgoprudny.cian.ru/sale/flat/305139141/;Долгопрудный;sale;flat;13;23;1;24.4;6000000;;Парковая ;52;Водники;Бригантина
Галант;real_estate_agent;https://dolgoprudny.cian.ru/sale/flat/307823074/;Долгопрудный;sale;flat;4;5;2;45.5;7600000;;Нагорная ;10;Долгопрудная;
МосСделка;real_estate_agent;https://dolgoprudny.cian.ru/sale/flat/298527532/;Долгопрудный;sale;flat;2;2;3;64.7;9800000;;Заводская ;14;Водники;
Галант;real_estate_agent;https://dolgoprudny.cian.ru/sale/flat/307705631/;Долгопрудный;sale;flat;7;23;1;25.9;6120000;;Парковая ;48;Долгопрудная;Бригантина
ID 1384336;homeowner;https://dolgoprudny.cian.ru/sale/flat/300790075/;Долгопрудный;sale;flat;12;16;1;35.0;7850000;;проспект Пацаева;15;Водники;
ИНВЕСТ НЕДВИЖИМОСТЬ;real_estate_agent;https://dolgoprudny.cian.ru/sale/flat/303151005/;Долгопрудный;sale;flat;5;5;3;54.9;9000000;;Южная ;1а;Хлебниково;
Самолет Плюс;real_estate_agent;https://dolgoprudny.cian.ru/sale/flat/308746456/;Долгопрудный;sale;flat;4;13;2;39.1;8300000;;;к3;Долгопрудная;Бригантина ЖК
Галант;real_estate_agent;https://dolgoprudny.cian.ru/sale/flat/304867881/;Долгопрудный;sale;flat;23;23;1;35.0;8400000;;бульвар Имени Умберто Нобиле;1;Долгопрудная;
ID 122568;unknown;https://dolgoprudny.cian.ru/sale/flat/308550511/;Долгопрудный;sale;flat;5;5;1;31.4;7800000;;Лихачевское шоссе;31;Водники;
Владимир Дмитриев;realtor;https://dolgoprudny.cian.ru/sale/flat/294092686/;Долгопрудный;sale;flat;15;17;3;83.0;15150000;;Госпитальная ;10;Хлебниково;
Галант;real_estate_agent;https://dolgoprudny.cian.ru/sale/flat/306940352/;Долгопрудный;sale;flat;9;23;1;38.7;7740000;;Парковая ;46к1;Водники;Бригантина
Елена Шишканова;realtor;https://dolgoprudny.cian.ru/sale/flat/305555243/;Долгопрудный;sale;flat;8;9;2;47.0;7800000;;Лихачевское шоссе;13к2;Долгопрудная;
ID 63790486;homeowner;https://dolgoprudny.cian.ru/sale/flat/295420535/;Долгопрудный;sale;flat;7;23;2;34.0;7900000;;Заводская ;к5;Водники;Бригантина
Елена Копылова;realtor;https://dolgoprudny.cian.ru/sale/flat/308163282/;Долгопрудный;sale;flat;11;17;1;35.0;8000000;;Старое Дмитровское шоссе;17;Водники;Московские водники
ID 374345;homeowner;https://dolgoprudny.cian.ru/sale/flat/304413826/;Долгопрудный;sale;flat;3;9;1;33.8;8000000;;Спортивная ;5к1;Водники;
ID 86263527;homeowner;https://dolgoprudny.cian.ru/sale/flat/304869182/;Долгопрудный;sale;flat;4;5;3;56.9;8000000;;Лихачевское шоссе;23;Водники;
ID 390;realtor;https://dolgoprudny.cian.ru/sale/flat/307696264/;Долгопрудный;sale;flat;3;9;1;34.0;8100000;;Дирижабельная ;17;Долгопрудная;
Дмитрий Вережников;realtor;https://dolgoprudny.cian.ru/sale/flat/307777380/;Долгопрудный;sale;flat;7;9;1;32.0;8050000;;Дирижабельная ;13;Долгопрудная;
Городские квартиры;real_estate_agent;https://dolgoprudny.cian.ru/sale/flat/307869847/;Долгопрудный;sale;flat;4;9;1;37.1;8200000;;Молодежная ;14/1;Долгопрудная;
ID 253416;unknown;https://dolgoprudny.cian.ru/sale/flat/306756828/;Долгопрудный;sale;flat;15;24;1;34.1;8200000;;Парковая ;46к1;Водники;Бригантина
ID 98213920;unknown;https://dolgoprudny.cian.ru/sale/flat/301386708/;Долгопрудный;sale;flat;4;16;1;34.5;8250000;;проспект Пацаева;9;Водники;
Городские квартиры;real_estate_agent;https://dolgoprudny.cian.ru/sale/flat/306945504/;Долгопрудный;sale;flat;2;23;1;32.4;8350000;;Парковая ;52;Водники;Бригантина
Дмитрий Демиденко;realtor;https://dolgoprudny.cian.ru/sale/flat/306264210/;Долгопрудный;sale;flat;17;17;1;46.0;8300000;;Новый бульвар;15;Долгопрудная;
Самолет плюс;real_estate_agent;https://dolgoprudny.cian.ru/sale/flat/304351158/;Долгопрудный;sale;flat;14;20;1;40.2;8400000;;Гранитная ;6;Долгопрудная;
Этажи Москва;real_estate_agent;https://dolgoprudny.cian.ru/sale/flat/308936655/;Долгопрудный;sale;flat;8;23;1;28.5;8500000;;Парковая ;52к1;Водники;Бригантина
ID 520636;realtor;https://dolgoprudny.cian.ru/sale/flat/307395851/;Долгопрудный;sale;flat;15;17;1;41.0;8500000;;Новый бульвар;23;Долгопрудная;
ID 111847619;homeowner;https://dolgoprudny.cian.ru/sale/flat/297777449/;Долгопрудный;sale;flat;1;9;2;43.0;8500000;;Лихачевское шоссе;13к2;Долгопрудная;
Владис;real_estate_agent;https://dolgoprudny.cian.ru/sale/flat/307547552/;Долгопрудный;sale;flat;15;23;1;40.2;8600000;;;к4;Хлебниково;Бригантина ЖК
ID 12519267;unknown;https://dolgoprudny.cian.ru/sale/flat/302092754/;Долгопрудный;sale;flat;11;17;1;44.0;8600000;;Новый бульвар;15;Долгопрудная;
ID 41164517;realtor;https://dolgoprudny.cian.ru/sale/flat/305225093/;Долгопрудный;sale;flat;2;5;2;42.7;8600000;;Комсомольская ;11;Долгопрудная;
ID 69720080;homeowner;https://dolgoprudny.cian.ru/sale/flat/301053349/;Долгопрудный;sale;flat;21;24;2;41.2;8600000;;Парковая ;46;Водники;Бригантина
ID 100798610;realtor;https://dolgoprudny.cian.ru/sale/flat/308946849/;Долгопрудный;sale;flat;2;9;1;35.8;8700000;;Лихачевское шоссе;4;Долгопрудная;
ID 72812578;homeowner;https://dolgoprudny.cian.ru/sale/flat/280746159/;Долгопрудный;sale;flat;4;27;1;45.7;8700000;;Новый бульвар;7;Долгопрудная;мкр. Центральный корп. 9, 10, 11
ID 22641511;homeowner;https://dolgoprudny.cian.ru/sale/flat/269002829/;Долгопрудный;sale;flat;5;5;2;42.0;8700000;; Циолковского;9;Долгопрудная;
ID 89919508;unknown;https://dolgoprudny.cian.ru/sale/flat/306921343/;Долгопрудный;sale;flat;5;5;3;62.9;8690000;;Тимирязевская ;6;Хлебниково;
Владис;real_estate_agent;https://dolgoprudny.cian.ru/sale/flat/308768316/;Долгопрудный;sale;flat;10;19;1;47.0;8800000;;проспект Ракетостроителей;1к1;Долгопрудная;
Владис;real_estate_agent;https://dolgoprudny.cian.ru/sale/flat/305738783/;Долгопрудный;sale;flat;5;5;3;55.0;8800000;;Дирижабельная ;8;Долгопрудная;
ID 93991942;unknown;https://dolgoprudny.cian.ru/sale/flat/307146178/;Долгопрудный;sale;flat;5;18;1;46.1;8800000;;Набережная ;21к1;Водники;Московские водники
ID 92940259;unknown;https://dolgoprudny.cian.ru/sale/flat/291647068/;Долгопрудный;sale;flat;20;23;1;35.2;8800222;;Парковая ;48;Долгопрудная;Бригантина
Галант;real_estate_agent;https://dolgoprudny.cian.ru/sale/flat/305456120/;Долгопрудный;sale;flat;20;23;2;39.2;8900000;;Парковая ;44к1;Водники;Бригантина
ID 78281618;realtor;https://dolgoprudny.cian.ru/sale/flat/307956441/;Долгопрудный;sale;flat;5;16;2;52.2;9280000;;Лихачевское шоссе;9;Долгопрудная;
Этажи Москва;real_estate_agent;https://dolgoprudny.cian.ru/sale/flat/308418750/;Долгопрудный;sale;flat;9;17;1;43.2;9350000;;Лихачевский проспект;70к2;Долгопрудная;
Галант;real_estate_agent;https://dolgoprudny.cian.ru/sale/flat/306888372/;Долгопрудный;sale;flat;1;5;3;64.0;9420000;;Театральная ;12а;Водники;
Владис;real_estate_agent;https://dolgoprudny.cian.ru/sale/flat/308111427/;Долгопрудный;sale;flat;6;9;3;50.8;9400000;;Московское шоссе;57;Водники;
ID 54133659;realtor;https://dolgoprudny.cian.ru/sale/flat/298983351/;Долгопрудный;sale;flat;2;23;2;41.4;9356041;;Парковая ;44;Хлебниково;Бригантина
ID 111316081;homeowner;https://dolgoprudny.cian.ru/sale/flat/296367114/;Долгопрудный;sale;flat;7;9;2;48.0;9400000;;Лихачевское шоссе;13;Долгопрудная;
ID 388457;realtor;https://dolgoprudny.cian.ru/sale/flat/302683388/;Долгопрудный;sale;flat;19;25;1;35.0;9400000;;Новый бульвар;9к1;Долгопрудная;
ID 30681259;homeowner;https://dolgoprudny.cian.ru/sale/flat/289939123/;Долгопрудный;sale;flat;6;9;3;50.8;9400000;;Московское шоссе;57;Водники;
Галант;real_estate_agent;https://dolgoprudny.cian.ru/sale/flat/304873053/;Долгопрудный;sale;flat;1;19;1;48.6;9500000;;Новое шоссе;10к1;Хлебниково;
Владис;real_estate_agent;https://dolgoprudny.cian.ru/sale/flat/306284423/;Долгопрудный;sale;flat;7;9;2;45.4;9480000;;Лихачевское шоссе;14;Водники;
Самолет Плюс;real_estate_agent;https://dolgoprudny.cian.ru/sale/flat/306848021/;Долгопрудный;sale;flat;7;9;2;45.4;9480000;;Лихачевское шоссе;14;Водники;
ID 13717594;unknown;https://dolgoprudny.cian.ru/sale/flat/308279751/;Долгопрудный;sale;flat;14;21;1;40.1;9450000;;Старое Дмитровское шоссе;11;Водники;Московские водники
ID 36254226;homeowner;https://dolgoprudny.cian.ru/sale/flat/304725264/;Долгопрудный;sale;flat;17;27;1;44.2;9500000;;Новый бульвар;7;Долгопрудная;мкр. Центральный корп. 9, 10, 11
ID 115689814;homeowner;https://dolgoprudny.cian.ru/sale/flat/304870657/;Долгопрудный;sale;flat;5;17;1;41.5;9530000;;Новое шоссе;10;Хлебниково;Хлебниково
ID 98213920;unknown;https://dolgoprudny.cian.ru/sale/flat/301024932/;Долгопрудный;sale;flat;3;5;3;53.5;9500000;; Циолковского;13;Долгопрудная;
ID 114900280;homeowner;https://dolgoprudny.cian.ru/sale/flat/300302764/;Долгопрудный;sale;flat;1;19;1;48.61;9500000;;Новое шоссе;10к1;Хлебниково;
ID 54133659;realtor;https://dolgoprudny.cian.ru/sale/flat/298983361/;Долгопрудный;sale;flat;3;23;2;44.7;9611396;;Парковая ;44;Хлебниково;Бригантина
ID 114909937;homeowner;https://dolgoprudny.cian.ru/sale/flat/306583278/;Долгопрудный;sale;flat;8;18;1;42.5;9600000;;Лихачевский проспект;76к1;Долгопрудная;
Галант;real_estate_agent;https://dolgoprudny.cian.ru/sale/flat/305327937/;Долгопрудный;sale;flat;14;17;1;40.7;9700000;;Новый бульвар;23;Долгопрудная;
Галант;real_estate_agent;https://dolgoprudny.cian.ru/sale/flat/308016013/;Долгопрудный;sale;flat;2;2;2;61.4;9650000;;Якорная ;4;Водники;
Владис;real_estate_agent;https://dolgoprudny.cian.ru/sale/flat/305923070/;Долгопрудный;sale;flat;19;25;1;36.3;9699000;;бульвар Космонавта Сереброва А.А.;4;Долгопрудная;Центральный (Долгопрудный)
ID 54133659;realtor;https://dolgoprudny.cian.ru/sale/flat/298983355/;Долгопрудный;sale;flat;2;23;2;45.4;9712171;;Парковая ;44;Хлебниково;Бригантина
ID 60910682;homeowner;https://dolgoprudny.cian.ru/sale/flat/303397313/;Долгопрудный;sale;flat;19;25;1;36.3;9699000;;бульвар Космонавта Сереброва А.А.;4;Долгопрудная;Центральный (Долгопрудный)
ID 61409647;homeowner;https://dolgoprudny.cian.ru/sale/flat/305245121/;Долгопрудный;sale;flat;14;17;1;40.7;9700000;;Новый бульвар;23;Долгопрудная;
ID 83634082;homeowner;https://dolgoprudny.cian.ru/sale/flat/308331153/;Долгопрудный;sale;flat;6;17;1;44.6;9800000;;Новый бульвар;21;Долгопрудная;
ID 78332006;homeowner;https://dolgoprudny.cian.ru/sale/flat/307358330/;Долгопрудный;sale;flat;3;19;1;46.7;9800000;;Новое шоссе;10к1;Хлебниково;
Владис;real_estate_agent;https://dolgoprudny.cian.ru/sale/flat/308954796/;Долгопрудный;sale;flat;10;17;2;48.0;9870000;;Госпитальная ;10;Хлебниково;
ID 143898;real_estate_agent;https://dolgoprudny.cian.ru/sale/flat/308175430/;Долгопрудный;sale;flat;3;17;1;46.0;10300000;;Старое Дмитровское шоссе;15к2;Водники;Московские водники
ID 121540909;homeowner;https://dolgoprudny.cian.ru/sale/flat/307438957/;Долгопрудный;sale;flat;10;23;1;37.2;10400000;;Парковая ;50;Водники;Бригантина
ID 13328470;homeowner;https://dolgoprudny.cian.ru/sale/flat/304872221/;Долгопрудный;sale;flat;11;17;2;61.7;10500000;;Госпитальная ;10;Хлебниково;
ID 80685486;homeowner;https://dolgoprudny.cian.ru/sale/flat/298939520/;Долгопрудный;sale;flat;15;19;1;44.6;10500000;;проспект Ракетостроителей;9к1;Долгопрудная;
Городской Центр Недвижимости;real_estate_agent;https://dolgoprudny.cian.ru/sale/flat/288059805/;Долгопрудный;sale;flat;2;18;1;54.2;10600000;;Лихачевское шоссе;14к1;Водники;
ID 15216000;homeowner;https://dolgoprudny.cian.ru/sale/flat/289859004/;Долгопрудный;sale;flat;10;15;1;45.0;10550000;;Набережная ;29к1;Водники;Московские водники
ID 19201812;realtor;https://dolgoprudny.cian.ru/sale/flat/306548868/;Долгопрудный;sale;flat;14;25;2;58.0;10670000;;Лихачевский проспект;66к1;Долгопрудная;
Дмитрий Вережников;realtor;https://dolgoprudny.cian.ru/sale/flat/305046267/;Долгопрудный;sale;flat;10;12;1;40.0;10740000;;Первомайская ;9/4;Новодачная;
ID 93194164;homeowner;https://dolgoprudny.cian.ru/sale/flat/307482309/;Долгопрудный;sale;flat;15;17;1;47.0;10680000;;Набережная ;29к1;Водники;Московские водники
ID 7318679;realtor;https://dolgoprudny.cian.ru/sale/flat/308857336/;Долгопрудный;sale;flat;3;10;3;55.0;10899000;;проспект Пацаева;7к2;Водники;
ID 78729934;homeowner;https://dolgoprudny.cian.ru/sale/flat/301975971/;Долгопрудный;sale;flat;10;25;1;45.0;10800000;;Новый бульвар;11;Долгопрудная;мкр. Центральный корп. 9, 10, 11
ID 55343669;unknown;https://dolgoprudny.cian.ru/sale/flat/303060869/;Долгопрудный;sale;flat;6;9;4;60.0;10750000;;Московское шоссе;55к1;Водники;
ID 120348302;homeowner;https://dolgoprudny.cian.ru/sale/flat/305876059/;Долгопрудный;sale;flat;3;20;1;35.6;10800000;;Парковая ;50;Водники;Бригантина
ID 69385226;homeowner;https://dolgoprudny.cian.ru/sale/flat/303073725/;Долгопрудный;sale;flat;5;27;1;45.6;10800000;;Новый бульвар;9;Долгопрудная;мкр. Центральный корп. 9, 10, 11
САМОЛЕТ ПЛЮС;real_estate_agent;https://dolgoprudny.cian.ru/sale/flat/307937180/;Долгопрудный;sale;flat;12;17;1;50.0;10990000;;Набережная ;29к1;Водники;Московские водники
Галант;real_estate_agent;https://dolgoprudny.cian.ru/sale/flat/303488976/;Долгопрудный;sale;flat;16;23;1;31.3;10950000;;Парковая ;48;Долгопрудная;Бригантина
Денис Циликин;realtor;https://dolgoprudny.cian.ru/sale/flat/306152385/;Долгопрудный;sale;flat;7;17;2;56.0;10999999;;Новое шоссе;10;Хлебниково;Хлебниково
Самолет Плюс;real_estate_agent;https://dolgoprudny.cian.ru/sale/flat/308060965/;Долгопрудный;sale;flat;9;10;2;55.5;10900000;;Лихачевское шоссе;7;Долгопрудная;
Мария Леонова;realtor;https://dolgoprudny.cian.ru/sale/flat/303987216/;Долгопрудный;sale;flat;10;27;1;45.0;10900000;;Новый бульвар;9;Долгопрудная;мкр. Центральный корп. 9, 10, 11
ID 13345460;homeowner;https://dolgoprudny.cian.ru/sale/flat/306128058/;Долгопрудный;sale;flat;6;17;2;64.0;10950000;;Новое шоссе;12;Хлебниково;Хлебниково
Этажи Москва;real_estate_agent;https://dolgoprudny.cian.ru/sale/flat/307484039/;Долгопрудный;sale;flat;2;19;1;44.6;11000000;;проспект Ракетостроителей;9к3;Долгопрудная;
ID 269853;homeowner;https://dolgoprudny.cian.ru/sale/flat/307265772/;Долгопрудный;sale;flat;2;19;1;44.6;11000000;;проспект Ракетостроителей;9к3;Долгопрудная;
Владис;real_estate_agent;https://dolgoprudny.cian.ru/sale/flat/300147209/;Долгопрудный;sale;flat;2;17;2;56.5;11100000;;Новое шоссе;10;Хлебниково;Хлебниково
ID 12369177;real_estate_agent;https://dolgoprudny.cian.ru/sale/flat/295845451/;Долгопрудный;sale;flat;3;16;2;56.0;11200000;;Новый бульвар;22;Долгопрудная;
ID 227969;realtor;https://dolgoprudny.cian.ru/sale/flat/296614979/;Долгопрудный;sale;flat;13;24;2;60.8;11200000;;Парковая ;46;Водники;Бригантина
ID 25406066;unknown;https://dolgoprudny.cian.ru/sale/flat/293807817/;Долгопрудный;sale;flat;14;21;2;66.1;11299000;;проспект Ракетостроителей;3;Долгопрудная;
ID 218092;realtor;https://dolgoprudny.cian.ru/sale/flat/290419433/;Долгопрудный;sale;flat;10;24;2;50.0;11300000;;Парковая ;50к1;Долгопрудная;Бригантина
ID 55866548;homeowner;https://dolgoprudny.cian.ru/sale/flat/307678178/;Долгопрудный;sale;flat;6;9;3;59.3;11400000;;Дирижабельная ;28;Водники;
Галант;real_estate_agent;https://dolgoprudny.cian.ru/sale/flat/305636298/;Долгопрудный;sale;flat;9;9;3;58.0;11500000;;Лихачевское шоссе;20к2;Водники;
ID 11388;realtor;https://dolgoprudny.cian.ru/sale/flat/296386898/;Долгопрудный;sale;flat;17;19;2;60.0;11500000;;Спортивная ;11Б;Долгопрудная;
Инна Грязнова;realtor;https://dolgoprudny.cian.ru/sale/flat/307806679/;Долгопрудный;sale;flat;7;9;3;59.5;11500000;;Московское шоссе;57к1;Водники;
ID 120019642;homeowner;https://dolgoprudny.cian.ru/sale/flat/305561792/;Долгопрудный;sale;flat;9;9;3;58.5;11500000;;Лихачевское шоссе;20к2;Водники;
Самолет плюс;real_estate_agent;https://dolgoprudny.cian.ru/sale/flat/306314116/;Долгопрудный;sale;flat;6;23;1;43.0;11750000;;Новый бульвар;2;Долгопрудная;по ул. Дирижабельная, 1
ID 113303645;homeowner;https://dolgoprudny.cian.ru/sale/flat/298579979/;Долгопрудный;sale;flat;16;23;2;53.4;11800000;;Парковая ;54;Долгопрудная;
ID 47283018;homeowner;https://dolgoprudny.cian.ru/sale/flat/273408733/;Долгопрудный;sale;flat;2;18;2;54.0;11900000;;Набережная ;25;Водники;Московские водники
ID 101034651;homeowner;https://dolgoprudny.cian.ru/sale/flat/302729996/;Долгопрудный;sale;flat;1;5;2;53.0;11999000;; Циолковского;2/10;Новодачная;
Этажи Москва;real_estate_agent;https://dolgoprudny.cian.ru/sale/flat/306210384/;Долгопрудный;sale;flat;22;23;2;49.1;12000000;;Парковая ;52к1;Водники;Бригантина
ID 29432;realtor;https://dolgoprudny.cian.ru/sale/flat/299109419/;Долгопрудный;sale;flat;5;5;2;65.0;12100000;;Первомайская ;13/3;Долгопрудная;
ID 116568343;homeowner;https://dolgoprudny.cian.ru/sale/flat/305688892/;Долгопрудный;sale;flat;4;5;2;43.3;12000000;;Нагорная ;4;Долгопрудная;
ID 89919508;unknown;https://dolgoprudny.cian.ru/sale/flat/304929583/;Долгопрудный;sale;flat;1;9;3;73.0;12100000;;проспект Пацаева;5;Водники;
ID 71093;homeowner;https://dolgoprudny.cian.ru/sale/flat/252887333/;Долгопрудный;sale;flat;8;19;1;47.1;12000000;;Лихачевский проспект;74к2;Долгопрудная;
ID 120276545;homeowner;https://dolgoprudny.cian.ru/sale/flat/305818646/;Долгопрудный;sale;flat;8;17;2;55.0;12380000;;Молодежная ;4;Долгопрудная;
Этажи Москва;real_estate_agent;https://dolgoprudny.cian.ru/sale/flat/308418770/;Долгопрудный;sale;flat;19;26;1;52.0;12500000;;Лихачевский проспект;80к1;Долгопрудная;
Самолет плюс;real_estate_agent;https://dolgoprudny.cian.ru/sale/flat/300824215/;Долгопрудный;sale;flat;21;24;3;63.0;12590000;;Парковая ;46к1;Водники;Бригантина
ID 95763850;homeowner;https://dolgoprudny.cian.ru/sale/flat/306767200/;Долгопрудный;sale;flat;4;18;2;56.0;12600000;;Старое Дмитровское шоссе;15;Водники;Московские водники
ID 82040395;homeowner;https://dolgoprudny.cian.ru/sale/flat/307274837/;Долгопрудный;sale;flat;19;26;1;52.0;12500000;;Лихачевский проспект;80к1;Долгопрудная;
Этажи Москва;real_estate_agent;https://dolgoprudny.cian.ru/sale/flat/307856500/;Долгопрудный;sale;flat;4;17;1;55.1;12700000;;Старое Дмитровское шоссе;15;Водники;Московские водники
Этажи Москва;real_estate_agent;https://dolgoprudny.cian.ru/sale/flat/307967409/;Долгопрудный;sale;flat;16;17;2;58.0;12790000;;Набережная ;29;Водники;Московские водники
Владис;real_estate_agent;https://dolgoprudny.cian.ru/sale/flat/308141434/;Долгопрудный;sale;flat;5;19;2;68.0;12800000;;проспект Ракетостроителей;9к1;Долгопрудная;
ID 78569;homeowner;https://dolgoprudny.cian.ru/sale/flat/292562369/;Долгопрудный;sale;flat;13;17;2;61.2;12800000;;Новый бульвар;18;Долгопрудная;
ID 100707470;homeowner;https://dolgoprudny.cian.ru/sale/flat/302181273/;Долгопрудный;sale;flat;5;16;2;61.4;12800000;;Лихачевское шоссе;6к4;Долгопрудная;
Этажи Москва;real_estate_agent;https://dolgoprudny.cian.ru/sale/flat/308716529/;Долгопрудный;sale;flat;10;16;2;63.0;12900000;;Лихачевское шоссе;6к4;Долгопрудная;
ID 12531;realtor;https://dolgoprudny.cian.ru/sale/flat/307043701/;Долгопрудный;sale;flat;7;19;2;66.1;12950000;;проспект Ракетостроителей;9к3;Долгопрудная;
Владис;real_estate_agent;https://dolgoprudny.cian.ru/sale/flat/302748572/;Долгопрудный;sale;flat;2;10;2;70.0;12900000;;Центральная ;5;Долгопрудная;
Смарт Инновации;real_estate_agent;https://dolgoprudny.cian.ru/sale/flat/308742502/;Долгопрудный;sale;flat;19;25;2;59.0;12900000;;Лихачевский проспект;68к1;Долгопрудная;
ID 48897236;homeowner;https://dolgoprudny.cian.ru/sale/flat/302638586/;Долгопрудный;sale;flat;10;16;2;63.0;12900000;;Лихачевское шоссе;6к4;Долгопрудная;
ID 31688245;realtor;https://dolgoprudny.cian.ru/sale/flat/280792346/;Долгопрудный;sale;flat;18;21;2;67.4;14000000;;Старое Дмитровское шоссе;11;Водники;Московские водники
ID 86210088;homeowner;https://dolgoprudny.cian.ru/sale/flat/291598283/;Долгопрудный;sale;flat;2;10;2;74.0;14200000;;Дирижабельная ;9;Долгопрудная;
Городские квартиры;real_estate_agent;https://dolgoprudny.cian.ru/sale/flat/307141870/;Долгопрудный;sale;flat;7;9;3;71.5;14500000;;Лихачевское шоссе;4;Долгопрудная;
Елена Мартемьянова;realtor;https://dolgoprudny.cian.ru/sale/flat/308959546/;Долгопрудный;sale;flat;5;17;2;57.1;14500000;;Парковая ;34;Водники;
ID 32211686;homeowner;https://dolgoprudny.cian.ru/sale/flat/307258331/;Долгопрудный;sale;flat;7;9;3;71.5;14500000;;Лихачевское шоссе;4;Долгопрудная;
ID 535615;realtor;https://dolgoprudny.cian.ru/sale/flat/307916923/;Долгопрудный;sale;flat;1;12;2;70.0;14500000;;Первомайская ;11А;Долгопрудная;
ID 93219364;homeowner;https://dolgoprudny.cian.ru/sale/flat/305555949/;Долгопрудный;sale;flat;17;17;2;73.0;14500000;;Новый бульвар;19;Долгопрудная;
ID 119609137;homeowner;https://dolgoprudny.cian.ru/sale/flat/305180412/;Долгопрудный;sale;flat;19;24;-1;60.0;14500000;;;;;Бригантина
ID 105375728;homeowner;https://dolgoprudny.cian.ru/sale/flat/299742530/;Долгопрудный;sale;flat;5;8;2;76.0;14675000;;Московское шоссе;59к1;Водники;
Дмитрий Вережников;realtor;https://dolgoprudny.cian.ru/sale/flat/308589650/;Долгопрудный;sale;flat;22;23;2;67.0;14750000;;проспект Ракетостроителей;3;Долгопрудная;
Галант;real_estate_agent;https://dolgoprudny.cian.ru/sale/flat/303635692/;Долгопрудный;sale;flat;8;19;2;68.3;14900000;;Лихачевское шоссе;20к4;Водники;
ID 97417544;realtor;https://dolgoprudny.cian.ru/sale/flat/302089633/;Долгопрудный;sale;flat;19;19;2;74.0;14800000;;Молодежная ;12;Долгопрудная;
ID 109757813;homeowner;https://dolgoprudny.cian.ru/sale/flat/294869132/;Долгопрудный;sale;flat;8;19;2;68.3;14900000;;Лихачевское шоссе;20к4;Водники;
Галант;real_estate_agent;https://dolgoprudny.cian.ru/sale/flat/306604171/;Долгопрудный;sale;flat;6;9;3;81.0;15000000;;Молодежная ;14/1;Долгопрудная;
Ольга Викулова;realtor;https://dolgoprudny.cian.ru/sale/flat/308625166/;Долгопрудный;sale;flat;2;5;-1;60.0;14950000;;Московское шоссе;37;Долгопрудная;
ID 48528655;realtor;https://dolgoprudny.cian.ru/sale/flat/307325541/;Долгопрудный;sale;flat;9;13;2;70.5;14990000;;Лихачевское шоссе;14к1;Водники;
ID 12893431;homeowner;https://dolgoprudny.cian.ru/sale/flat/307452784/;Долгопрудный;sale;flat;19;25;2;62.2;14990000;;Старое Дмитровское шоссе;11;Водники;Московские водники
ID 71933553;homeowner;https://dolgoprudny.cian.ru/sale/flat/306654125/;Долгопрудный;sale;flat;12;19;2;66.1;15150000;;проспект Ракетостроителей;9к3;Долгопрудная;
ID 13020891;realtor;https://dolgoprudny.cian.ru/sale/flat/308310704/;Долгопрудный;sale;flat;22;25;2;65.4;15100000;;Новый бульвар;9;Долгопрудная;мкр. Центральный корп. 9, 10, 11
ID 119387424;homeowner;https://dolgoprudny.cian.ru/sale/flat/304929911/;Долгопрудный;sale;flat;5;12;3;73.0;15300000;;Центральная ;7;Долгопрудная;
Азамат Сейталиев;realtor;https://dolgoprudny.cian.ru/sale/flat/286752911/;Долгопрудный;sale;flat;6;18;2;70.2;15370000;;Набережная ;29к1;Водники;Московские водники
Владис;real_estate_agent;https://dolgoprudny.cian.ru/sale/flat/304542722/;Долгопрудный;sale;flat;5;19;2;67.6;15700000;;проспект Ракетостроителей;3;Долгопрудная;
ID 64059704;realtor;https://dolgoprudny.cian.ru/sale/flat/298693964/;Долгопрудный;sale;flat;15;18;2;65.0;15600000;;проспект Пацаева;7к8;Водники;
Галант;real_estate_agent;https://dolgoprudny.cian.ru/sale/flat/308951503/;Долгопрудный;sale;flat;17;22;3;77.0;15900000;;Лихачевский проспект;74к1;Долгопрудная;
Наталья Гудумак;realtor;https://dolgoprudny.cian.ru/sale/flat/307412098/;Долгопрудный;sale;flat;19;24;2;83.0;15950000;;Старое Дмитровское шоссе;11;Водники;Московские водники
ID 107425527;homeowner;https://dolgoprudny.cian.ru/sale/flat/304222691/;Долгопрудный;sale;flat;4;23;2;65.0;15950000;;Новый бульвар;3;Долгопрудная;Новый бульвар
ID 33297107;homeowner;https://dolgoprudny.cian.ru/sale/flat/293911834/;Долгопрудный;sale;flat;11;17;2;56.8;16000000;;Парковая ;32А;Водники;
Алла Киха;realtor;https://dolgoprudny.cian.ru/sale/flat/305369072/;Долгопрудный;sale;flat;13;27;3;69.0;16150000;;Новый бульвар;11;Долгопрудная;мкр. Центральный корп. 9, 10, 11
ID 86900939;homeowner;https://dolgoprudny.cian.ru/sale/flat/308891588/;Долгопрудный;sale;flat;10;18;3;101.0;19500000;;Московская ;58к3;Водники;Московские водники
ID 115342259;homeowner;https://dolgoprudny.cian.ru/sale/flat/307141084/;Долгопрудный;sale;flat;21;23;4;105.3;19500000;;Дирижабельная ;11;Долгопрудная;
ID 24152;realtor;https://dolgoprudny.cian.ru/sale/flat/308514188/;Долгопрудный;sale;flat;3;17;3;104.0;21000000;;Лихачевский проспект;68к5;Долгопрудная;
Константин Крупенников;realtor;https://dolgoprudny.cian.ru/sale/flat/301016242/;Долгопрудный;sale;flat;9;11;3;99.4;21500000;; Академика Лаврентьева;21а;Долгопрудная;
Кирилл Карпов;realtor;https://dolgoprudny.cian.ru/sale/flat/307618340/;Долгопрудный;sale;flat;11;18;3;107.0;21770000;;Лихачевское шоссе;14к1;Водники;
ID 93309470;homeowner;https://dolgoprudny.cian.ru/sale/flat/281238708/;Долгопрудный;sale;flat;6;13;3;90.0;22000000;;Набережная ;23;Водники;
Самолет плюс;real_estate_agent;https://dolgoprudny.cian.ru/sale/flat/308690597/;Долгопрудный;sale;flat;11;14;3;95.4;22500000;;Гранитный тупик;2;Долгопрудная;
Елена Мартемьянова;realtor;https://dolgoprudny.cian.ru/sale/flat/303554755/;Долгопрудный;sale;flat;7;18;3;92.1;22300000;;Набережная ;29к1;Водники;Московские водники
Лала Чурсина;realtor;https://dolgoprudny.cian.ru/sale/flat/306948320/;Долгопрудный;sale;flat;3;17;3;98.0;23000000;;Новый бульвар;15;Долгопрудная;
Дмитрий Вережников;realtor;https://dolgoprudny.cian.ru/sale/flat/308298951/;Долгопрудный;sale;flat;22;23;3;103.27;25000000;;Новый бульвар;2;Долгопрудная;по ул. Дирижабельная, 1
ID 86913188;homeowner;https://dolgoprudny.cian.ru/sale/flat/294156664/;Долгопрудный;sale;flat;4;12;2;80.0;25000000;;проспект Пацаева;7к5;Водники;
ID 13717594;unknown;https://dolgoprudny.cian.ru/sale/flat/302297929/;Долгопрудный;sale;flat;7;23;3;102.5;28500000;;Новый бульвар;5;Долгопрудная;Новый бульвар
ID 311262;realtor;https://dolgoprudny.cian.ru/sale/flat/303674907/;Долгопрудный;sale;flat;18;19;-1;210.0;36000000;;Молодежная ;14к3;Долгопрудная;
Ольга Гончарова;realtor;https://dolgoprudny.cian.ru/sale/flat/308553393/;Долгопрудный;sale;flat;10;23;5;139.0;41000000;;Новый бульвар;3;Долгопрудная;Новый бульвар
ID 107308883;homeowner;https://dolgoprudny.cian.ru/sale/flat/308702966/;Долгопрудный;sale;flat;1;4;2;43.8;5700000;;Флотская ;3;Водники;
ID 112943777;homeowner;https://dolgoprudny.cian.ru/sale/flat/308060719/;Долгопрудный;sale;flat;8;24;1;23.0;6000000;;Парковая ;52;Водники;Бригантина
ID 19429466;homeowner;https://dolgoprudny.cian.ru/sale/flat/308270982/;Долгопрудный;sale;flat;3;23;1;31.0;6600000;;Парковая ;44к1;Водники;Бригантина
ID 78649018;realtor;https://dolgoprudny.cian.ru/sale/flat/308765158/;Долгопрудный;sale;flat;3;3;1;31.5;6650000;;Московское шоссе;27;Долгопрудная;
ID 123287758;homeowner;https://dolgoprudny.cian.ru/sale/flat/308556323/;Долгопрудный;sale;flat;6;23;1;24.2;6900000;;Парковая ;46к1;Водники;Бригантина
ID 122175496;realtor;https://dolgoprudny.cian.ru/sale/flat/308618046/;Долгопрудный;sale;flat;4;5;1;30.5;7256652;; Циолковского;14;Долгопрудная;
ID 123128086;realtor;https://dolgoprudny.cian.ru/sale/flat/308377445/;Долгопрудный;sale;flat;9;25;1;25.1;7550000;;Новый бульвар;9к1;Долгопрудная;
ID 98837104;homeowner;https://dolgoprudny.cian.ru/sale/flat/308072324/;Долгопрудный;sale;flat;4;4;1;31.2;7650000;; Павлова;9;Долгопрудная;
ID 12346026;homeowner;https://dolgoprudny.cian.ru/sale/flat/308574833/;Долгопрудный;sale;flat;1;5;1;31.0;7900000;;Нагорная ;2к1;Долгопрудная;
ID 108747665;homeowner;https://dolgoprudny.cian.ru/sale/flat/307820583/;Долгопрудный;sale;flat;7;24;1;33.9;8900000;;Парковая ;46к1;Водники;Бригантина
ID 122425457;homeowner;https://dolgoprudny.cian.ru/sale/flat/307973740/;Долгопрудный;sale;flat;5;24;2;49.2;9100000;;Парковая ;46;Водники;Бригантина
ID 123520703;homeowner;https://dolgoprudny.cian.ru/sale/flat/308856534/;Долгопрудный;sale;flat;2;18;1;36.0;9200000;;Набережная ;33;Водники;Московские водники
ID 123264485;homeowner;https://dolgoprudny.cian.ru/sale/flat/308526072/;Долгопрудный;sale;flat;3;5;2;43.5;9200000;; Циолковского;13;Долгопрудная;
ID 66055610;homeowner;https://dolgoprudny.cian.ru/sale/flat/308549666/;Долгопрудный;sale;flat;19;19;1;44.6;9399000;;проспект Ракетостроителей;9к3;Долгопрудная;
ID 17998010;homeowner;https://dolgoprudny.cian.ru/sale/flat/308853361/;Долгопрудный;sale;flat;2;25;1;35.0;9500000;;Новый бульвар;7к1;Долгопрудная;
ID 117532115;homeowner;https://dolgoprudny.cian.ru/sale/flat/307958743/;Долгопрудный;sale;flat;2;2;2;61.4;9500000;;Якорная ;4;Водники;
ID 122085223;homeowner;https://dolgoprudny.cian.ru/sale/flat/308499775/;Долгопрудный;sale;flat;2;21;1;44.0;9500000;;Старое Дмитровское шоссе;11;Водники;Московские водники
ID 120676354;homeowner;https://dolgoprudny.cian.ru/sale/flat/308165434/;Долгопрудный;sale;flat;10;17;1;42.3;9600000;;проспект Ракетостроителей;5;Долгопрудная;
ID 109824323;homeowner;https://dolgoprudny.cian.ru/sale/flat/308183375/;Долгопрудный;sale;flat;11;19;1;46.0;9900000;;проспект Ракетостроителей;9к1;Долгопрудная;
ID 123432727;homeowner;https://dolgoprudny.cian.ru/sale/flat/308769886/;Долгопрудный;sale;flat;4;9;3;55.0;9999999;;Дирижабельная ;10;Долгопрудная;
ID 122473196;homeowner;https://dolgoprudny.cian.ru/sale/flat/308025054/;Долгопрудный;sale;flat;14;25;1;44.2;10450000;;Новый бульвар;7;Долгопрудная;мкр. Центральный корп. 9, 10, 11
ID 89219264;homeowner;https://dolgoprudny.cian.ru/sale/flat/308365448/;Долгопрудный;sale;flat;9;18;1;44.0;10550000;;Московская ;56к3;Водники;Московские водники
ID 123520502;homeowner;https://dolgoprudny.cian.ru/sale/flat/308853214/;Долгопрудный;sale;flat;9;16;1;54.0;10990000;;Набережная ;29к1;Водники;Московские водники
ID 122040724;homeowner;https://dolgoprudny.cian.ru/sale/flat/308136056/;Долгопрудный;sale;flat;6;10;2;54.0;10900000;;Лихачевское шоссе;31к2;Водники;
ID 109363416;homeowner;https://dolgoprudny.cian.ru/sale/flat/307781636/;Долгопрудный;sale;flat;9;10;2;55.5;10900000;;Лихачевское шоссе;7;Долгопрудная;
ID 119511836;homeowner;https://dolgoprudny.cian.ru/sale/flat/308559426/;Долгопрудный;sale;flat;9;25;2;49.5;11300000;;Парковая ;44;Хлебниково;Бригантина
ID 106244312;homeowner;https://dolgoprudny.cian.ru/sale/flat/307920611/;Долгопрудный;sale;flat;7;18;1;46.1;11400000;;Набережная ;23к1;Водники;Московские водники
ID 112913539;homeowner;https://dolgoprudny.cian.ru/sale/flat/308713044/;Долгопрудный;sale;flat;4;17;2;62.5;12000000;;Новое шоссе;12;Хлебниково;Хлебниково
ID 123381615;homeowner;https://dolgoprudny.cian.ru/sale/flat/308705748/;Долгопрудный;sale;flat;9;13;2;62.0;14000000;;Новое шоссе;10;Хлебниково;Хлебниково
Городские квартиры;real_estate_agent;https://dolgoprudny.cian.ru/sale/flat/307146887/;Долгопрудный;sale;flat;5;24;-1;35.9;6990000;;Парковая ;44;Хлебниково;Бригантина
Городские квартиры;real_estate_agent;https://dolgoprudny.cian.ru/sale/flat/308404810/;Долгопрудный;sale;flat;12;17;2;49.9;10990000;;Набережная ;29к1;Водники;Московские водники
Городские квартиры;real_estate_agent;https://dolgoprudny.cian.ru/sale/flat/308282329/;Долгопрудный;sale;flat;4;17;2;56.0;12700000;;Старое Дмитровское шоссе;15;Водники;Московские водники
ID 109838466;homeowner;https://dolgoprudny.cian.ru/sale/flat/308525957/;Долгопрудный;sale;flat;2;23;2;69.2;16990000;;Новый бульвар;2;Долгопрудная;по ул. Дирижабельная, 1
ID 536407;unknown;https://dolgoprudny.cian.ru/sale/flat/265497059/;Долгопрудный;sale;flat;12;14;1;44.6;8900000;;Лихачевское шоссе;1к4;Долгопрудная;
ID 111873489;homeowner;https://dolgoprudny.cian.ru/sale/flat/296957393/;Долгопрудный;sale;flat;11;18;1;44.0;9200000;;Старое Дмитровское шоссе;15;Водники;Московские водники
